seq,strand,PAMloc,PAMdist_prim,PAMdist_sec
GGCCCGAAATCTCAAAAT,1,11964004,-955,-586
GCCCGAAATCTCAAAAT,1,11964004,-955,-586
GATCCAAAGGCACACAAAATCTAAAA,1,11963985,-936,-567
GGCACACAAAATCTAAAA,1,11963985,-936,-567
GCACACAAAATCTAAAA,1,11963985,-936,-567
GTTTTATCGCGATCCAA,1,11963966,-917,-548
GCAGTTATATTCGGTTATTA,1,11963901,-852,-483
GTTATATTCGGTTATTA,1,11963901,-852,-483
GCAGTTATATTCGGTTATT,1,11963900,-851,-482
GTAAATTCGCGCCATTTGCGC,1,11963791,-742,-373
GTAAATTCGCGCCATTTGCG,1,11963790,-741,-372
GCATAAATCAAGTTTTCTTCA,1,11963699,-650,-281
GGATAAAAATTCACAAAAATT,1,11963452,-403,-34
GATAAAAATTCACAAAAATT,1,11963452,-403,-34
GAATTTGAATTAAAATATCGAATTTC,1,11963430,-381,-12
GAATTAAAATATCGAATTTC,1,11963430,-381,-12
GCAATTTGCATTTATTCCT,1,11963402,-353,16
GGATGTGATCATTGATTATTTATTC,1,11963371,-322,47
GATGTGATCATTGATTATTTATTC,1,11963371,-322,47
GTGATCATTGATTATTTATTC,1,11963371,-322,47
GATCATTGATTATTTATTC,1,11963371,-322,47
GGATGTGATCATTGATTATTTATT,1,11963370,-321,48
GATGTGATCATTGATTATTTATT,1,11963370,-321,48
GTGATCATTGATTATTTATT,1,11963370,-321,48
GATCATTGATTATTTATT,1,11963370,-321,48
GGACACATTACACTTTTATGATAGGC,1,11963345,-296,73
GACACATTACACTTTTATGATAGGC,1,11963345,-296,73
GGGGACACATTACACTTTTATGAT,1,11963341,-292,77
GGGACACATTACACTTTTATGAT,1,11963341,-292,77
GGACACATTACACTTTTATGAT,1,11963341,-292,77
GACACATTACACTTTTATGAT,1,11963341,-292,77
GATGGGGCATCTGGGGACAGCTG,1,11963318,-269,100
GGGGCATCTGGGGACAGCTG,1,11963318,-269,100
GGGCATCTGGGGACAGCTG,1,11963318,-269,100
GGCATCTGGGGACAGCTG,1,11963318,-269,100
GCATCTGGGGACAGCTG,1,11963318,-269,100
GATGGGGCATCTGGGGACAGCT,1,11963317,-268,101
GGGGCATCTGGGGACAGCT,1,11963317,-268,101
GGGCATCTGGGGACAGCT,1,11963317,-268,101
GGCATCTGGGGACAGCT,1,11963317,-268,101
GATGGGGCATCTGGGGACAGC,1,11963316,-267,102
GGGGCATCTGGGGACAGC,1,11963316,-267,102
GGGCATCTGGGGACAGC,1,11963316,-267,102
GGAATCCATTTTGATGGGGCATCTG,1,11963308,-259,110
GAATCCATTTTGATGGGGCATCTG,1,11963308,-259,110
GGAATCCATTTTGATGGGGCATCT,1,11963307,-258,111
GAATCCATTTTGATGGGGCATCT,1,11963307,-258,111
GGAATCCATTTTGATGGGGCATC,1,11963306,-257,112
GAATCCATTTTGATGGGGCATC,1,11963306,-257,112
GAATAATTCGGAATCCATTTTGATG,1,11963299,-250,119
GAATAATTCGGAATCCATTTTGAT,1,11963298,-249,120
GAATAATTCGGAATCCATTTTGA,1,11963297,-248,121
GCATTTGATAGTACATTGAATAATT,1,11963282,-233,136
GATAGTACATTGAATAATT,1,11963282,-233,136
GTGGAGCCGGGAGAGGAGGAGCTCCG,1,11963236,-187,182
GGAGCCGGGAGAGGAGGAGCTCCG,1,11963236,-187,182
GAGCCGGGAGAGGAGGAGCTCCG,1,11963236,-187,182
GCCGGGAGAGGAGGAGCTCCG,1,11963236,-187,182
GGGAGAGGAGGAGCTCCG,1,11963236,-187,182
GGAGAGGAGGAGCTCCG,1,11963236,-187,182
GAGATCAGTGGAGCCGGGAGAGG,1,11963226,-177,192
GATCAGTGGAGCCGGGAGAGG,1,11963226,-177,192
GAGATCAGTGGAGCCGGGAG,1,11963223,-174,195
GATCAGTGGAGCCGGGAG,1,11963223,-174,195
GTTTCTTGAGATCAGTGGAGCC,1,11963218,-169,200
GATATGTTTCTTGAGATCAGTGGAGC,1,11963217,-168,201
GTTTCTTGAGATCAGTGGAGC,1,11963217,-168,201
GATATGTTTCTTGAGATCAG,1,11963211,-162,207
GTGCAATTGGTGTGCTCTCTCT,1,11963169,-120,249
GCAATTGGTGTGCTCTCTCT,1,11963169,-120,249
GTGCAATTGGTGTGCTCTCTC,1,11963168,-119,250
GCAATTGGTGTGCTCTCTC,1,11963168,-119,250
GCTCGCGGAGCCCAAGTGCAAT,1,11963154,-105,264
GCGGAGCCCAAGTGCAAT,1,11963154,-105,264
GGAGAAACTCTCTCTCTCTGCTCG,1,11963137,-88,281
GAGAAACTCTCTCTCTCTGCTCG,1,11963137,-88,281
GAAACTCTCTCTCTCTGCTCG,1,11963137,-88,281
GTGTGTGGGTTGAAAGGATTTC,1,11963112,-63,306
GTGTGGGTTGAAAGGATTTC,1,11963112,-63,306
GTGGGTTGAAAGGATTTC,1,11963112,-63,306
GAGTCTCTCTCTGTGTGTGGGTTGAA,1,11963104,-55,314
GTCTCTCTCTGTGTGTGGGTTGAA,1,11963104,-55,314
GTGCTCTGGAGTCTCTCTCTGTGTGT,1,11963096,-47,322
GCTCTGGAGTCTCTCTCTGTGTGT,1,11963096,-47,322
GGAGTCTCTCTCTGTGTGT,1,11963096,-47,322
GAGTCTCTCTCTGTGTGT,1,11963096,-47,322
GGTGCTCTGGAGTCTCTCTCTGTGTG,1,11963095,-46,323
GTGCTCTGGAGTCTCTCTCTGTGTG,1,11963095,-46,323
GCTCTGGAGTCTCTCTCTGTGTG,1,11963095,-46,323
GGAGTCTCTCTCTGTGTG,1,11963095,-46,323
GAGTCTCTCTCTGTGTG,1,11963095,-46,323
GGGATGGCTAGTGAACAGAGGTGCTC,1,11963076,-27,342
GGATGGCTAGTGAACAGAGGTGCTC,1,11963076,-27,342
GATGGCTAGTGAACAGAGGTGCTC,1,11963076,-27,342
GGCTAGTGAACAGAGGTGCTC,1,11963076,-27,342
GCTAGTGAACAGAGGTGCTC,1,11963076,-27,342
GTAGGAGGGATGGCTAGTGAACAG,1,11963068,-19,350
GGAGGGATGGCTAGTGAACAG,1,11963068,-19,350
GAGGGATGGCTAGTGAACAG,1,11963068,-19,350
GGGATGGCTAGTGAACAG,1,11963068,-19,350
GGATGGCTAGTGAACAG,1,11963068,-19,350
GGGATAATTGTAGGAGGGA,1,11963054,-5,364
GGATAATTGTAGGAGGGA,1,11963054,-5,364
GATAATTGTAGGAGGGA,1,11963054,-5,364
GTGAAATATTGGGATAATTGTAGGA,1,11963050,-1,368
GAAATATTGGGATAATTGTAGGA,1,11963050,-1,368
GTGTGAAATATTGGGATAATTGTAGG,1,11963049,0,369
GTGAAATATTGGGATAATTGTAGG,1,11963049,0,369
GAAATATTGGGATAATTGTAGG,1,11963049,0,369
GTGTGAAATATTGGGATAATTGT,1,11963046,3,372
GTGAAATATTGGGATAATTGT,1,11963046,3,372
GAAATATTGGGATAATTGT,1,11963046,3,372
GCCACAAAATGTGTGAAATATT,1,11963035,14,383
GCCACAAAATGTGTGAAATAT,1,11963034,15,384
GGATAGAAATCTACGTACCT,1,11962940,109,478
GATAGAAATCTACGTACCT,1,11962940,109,478
GTAAAAACCAAGTATTT,1,11962919,130,499
GATAAAAATTCAAATTTC,1,11962867,182,551
GCGGTAATCAGTTTCGAAG,1,11962676,373,742
GGTAATCAGTTTCGAAG,1,11962676,373,742
GTTTGCGATTTTCGGGCCAAAAATG,1,11962658,391,760
GCGATTTTCGGGCCAAAAATG,1,11962658,391,760
GATTTTCGGGCCAAAAATG,1,11962658,391,760
GACGCAAAAGTTTGCGATTTTC,1,11962646,403,772
GCAAAAGTTTGCGATTTTC,1,11962646,403,772
GACGCAAAAGTTTGCGATTTT,1,11962645,404,773
GCAAAAGTTTGCGATTTT,1,11962645,404,773
GTTTTTTCCGGCAAATTCGGCAATAC,1,11962579,470,839
GGCAAATTCGGCAATAC,1,11962579,470,839
GCCGTTTTTTCCGGCAAATT,1,11962570,479,848
GTTTTTTCCGGCAAATT,1,11962570,479,848
GCCGGAAATTTTGCCGTTTTTTC,1,11962561,488,857
GGAAATTTTGCCGTTTTTTC,1,11962561,488,857
GAAATTTTGCCGTTTTTTC,1,11962561,488,857
GGCATTGTCAATTTTGATGATTTGC,1,11962540,509,878
GCATTGTCAATTTTGATGATTTGC,1,11962540,509,878
GTCAATTTTGATGATTTGC,1,11962540,509,878
GGAAACTTGCCGATTTGC,1,11962514,535,904
GAAACTTGCCGATTTGC,1,11962514,535,904
GCTGATTTTCCGGAAATTTCAATTC,1,11962495,554,923
GATTTTCCGGAAATTTCAATTC,1,11962495,554,923
GATTTTCTGGCAATTTGCTGATTTTC,1,11962480,569,938
GGCAATTTGCTGATTTTC,1,11962480,569,938
GCAATTTGCTGATTTTC,1,11962480,569,938
GATTCCGGCAATGTGCCGATTTTC,1,11962461,588,957
GGCAATGTGCCGATTTTC,1,11962461,588,957
GCAATGTGCCGATTTTC,1,11962461,588,957
GGTGATTTGCCGGAAATTTTGATTC,1,11962442,607,976
GTGATTTGCCGGAAATTTTGATTC,1,11962442,607,976
GATTTGCCGGAAATTTTGATTC,1,11962442,607,976
GCCGGAAATTTTGATTC,1,11962442,607,976
GGCAATACCGGTGATTTGC,1,11962427,622,991
GCAATACCGGTGATTTGC,1,11962427,622,991
GTTTTTCGGCAAACTCGGCAATAC,1,11962416,633,1002
GGCAAACTCGGCAATAC,1,11962416,633,1002
GGTAATTTGCCGTTTTTCGGCAAACT,1,11962407,642,1011
GTAATTTGCCGTTTTTCGGCAAACT,1,11962407,642,1011
GCCGTTTTTCGGCAAACT,1,11962407,642,1011
GGCAATACCGGTAATTTGCCGTTTTT,1,11962398,651,1020
GCAATACCGGTAATTTGCCGTTTTT,1,11962398,651,1020
GGTAATTTGCCGTTTTT,1,11962398,651,1020
GTTTTTTCGGCAAACTCGGCAATAC,1,11962380,669,1038
GGCAAACTCGGCAATAC,1,11962380,669,1038
GAAAGTTTCCGTTTTTTCGGCAAACT,1,11962371,678,1047
GTTTCCGTTTTTTCGGCAAACT,1,11962371,678,1047
GATTCCGGAAAGTTTCCGTTTTTT,1,11962362,687,1056
GGAAAGTTTCCGTTTTTT,1,11962362,687,1056
GAAAGTTTCCGTTTTTT,1,11962362,687,1056
GGTAATTTGCCGGAAATTTCGATTC,1,11962343,706,1075
GTAATTTGCCGGAAATTTCGATTC,1,11962343,706,1075
GCCGGAAATTTCGATTC,1,11962343,706,1075
GGCAATAGAGGTAATTTGC,1,11962328,721,1090
GCAATAGAGGTAATTTGC,1,11962328,721,1090
GATTTACCGGCAAACTCGGCAATAG,1,11962317,732,1101
GGCAAACTCGGCAATAG,1,11962317,732,1101
GCAATTTGACGATTTACCGGCAAACT,1,11962308,741,1110
GACGATTTACCGGCAAACT,1,11962308,741,1110
GGCAATTTGACGATTTAC,1,11962299,750,1119
GCAATTTGACGATTTAC,1,11962299,750,1119
GCTGATTTGCCGGAAATTTTAATTC,1,11962280,769,1138
GATTTGCCGGAAATTTTAATTC,1,11962280,769,1138
GCCGGAAATTTTAATTC,1,11962280,769,1138
GGTAATCTGCTGATTTGC,1,11962265,784,1153
GTAATCTGCTGATTTGC,1,11962265,784,1153
GAATTTTTCTGTTTCAATTTCAATTC,1,11962246,803,1172
GCTGTTCTAGACACATTTTA,1,11962208,841,1210
GTTCTAGACACATTTTA,1,11962208,841,1210
GGTTTTTTATACCAAAAAC,1,11962125,924,1293
GTTTTTTATACCAAAAAC,1,11962125,924,1293
GCCTTTTTCAGTTTAAAATC,1,11962105,944,1313
GGGATTTTATTCGTTTTTG,1,11962073,976,1345
GGATTTTATTCGTTTTTG,1,11962073,976,1345
GATTTTATTCGTTTTTG,1,11962073,976,1345
GAACTTTAAACACCAATTTTGAGATT,-1,11963987,-938,-569
GGGCCTTTTTAGATTTTGTGTGCCT,-1,11963960,-911,-542
GGCCTTTTTAGATTTTGTGTGCCT,-1,11963960,-911,-542
GCCTTTTTAGATTTTGTGTGCCT,-1,11963960,-911,-542
GAATTAAATTTGAATTCCCGCGCAA,-1,11963779,-730,-361
GAAAACTTGATTTATGCATTTTTT,-1,11963665,-616,-247
GCATTTTTTCCGGAAAAATGTATGTA,-1,11963648,-599,-230
GGTATGTATTAATACATACAAGAA,-1,11963622,-573,-204
GTATGTATTAATACATACAAGAA,-1,11963622,-573,-204
GTATTAATACATACAAGAA,-1,11963622,-573,-204
GAAAAACTGTGAATTTAGCCATTTGC,-1,11963569,-520,-151
GTGAATTTAGCCATTTGC,-1,11963569,-520,-151
GTGAATTTAGCCATTTGCG,-1,11963568,-519,-150
GAATTTAGCCATTTGCG,-1,11963568,-519,-150
GAAAATTTTTAAACAGTTATAT,-1,11963501,-452,-83
GATATTTTAATTCAAATTCC,-1,11963397,-348,21
GCTGTCCCCAGATGCCCCATCAAA,-1,11963286,-237,132
GTCCCCAGATGCCCCATCAAA,-1,11963286,-237,132
GCATTGGACAGAGAGCTCATCC,-1,11963231,-182,187
GGACAGAGAGCTCATCC,-1,11963231,-182,187
GCTCATCCTCGGAGCTCCTCCTCTC,-1,11963214,-165,204
GAGAGAGCACACCAATTGCAC,-1,11963141,-92,277
GAGAGCACACCAATTGCAC,-1,11963141,-92,277
GAGCACACCAATTGCAC,-1,11963141,-92,277
GAGAGAGCACACCAATTGCACT,-1,11963140,-91,278
GAGAGCACACCAATTGCACT,-1,11963140,-91,278
GAGCACACCAATTGCACT,-1,11963140,-91,278
GCGAGCAGAGAGAGAGAGTTTCT,-1,11963109,-60,309
GAGCAGAGAGAGAGAGTTTCT,-1,11963109,-60,309
GCAGAGAGAGAGAGTTTCT,-1,11963109,-60,309
GACATGTATCAAACAAATTTCAAGCC,-1,11962935,114,483
GTATCAAACAAATTTCAAGCC,-1,11962935,114,483
GGTACGTAGATTTCTATCCGAAATAC,-1,11962907,142,511
GTACGTAGATTTCTATCCGAAATAC,-1,11962907,142,511
GTAGATTTCTATCCGAAATAC,-1,11962907,142,511
GATTTCTATCCGAAATAC,-1,11962907,142,511
GAAAAGTTTCTCAAAAA,-1,11962876,173,542
GTTTCTCAAAAAACGGAAAAATGA,-1,11962864,185,554
GAAAATTGTCGATTTTTGGTCT,-1,11962808,241,610
GATTTTTGGTCTTTGGTAGCTTAT,-1,11962796,253,622
GGTCTTTGGTAGCTTAT,-1,11962796,253,622
GATTTTTGGTCTTTGGTAGCTTATC,-1,11962795,254,623
GGTCTTTGGTAGCTTATC,-1,11962795,254,623
GTCTTTGGTAGCTTATC,-1,11962795,254,623
GACAGCGTTTGCAACAAATCAAGTAT,-1,11962718,331,700
GCGTTTGCAACAAATCAAGTAT,-1,11962718,331,700
GTTTGCAACAAATCAAGTAT,-1,11962718,331,700
GTATTTGGCTGTAATATT,-1,11962704,345,714
GTATTTGGCTGTAATATTTTGGCACA,-1,11962696,353,722
GGCTGTAATATTTTGGCACA,-1,11962696,353,722
GCTGTAATATTTTGGCACA,-1,11962696,353,722
GGCTGTAATATTTTGGCACAT,-1,11962695,354,723
GCTGTAATATTTTGGCACAT,-1,11962695,354,723
GTAATATTTTGGCACAT,-1,11962695,354,723
GCTTCGAAACTGATTACCGCATTT,-1,11962647,402,771
GAAACTGATTACCGCATTT,-1,11962647,402,771
GCAAACTTTTGCGTCTAAAA,-1,11962613,436,805
GCGTCTAAAATCGGCAAACTG,-1,11962602,447,816
GTCTAAAATCGGCAAACTG,-1,11962602,447,816
GGAATTGAAATTTTCGACAAGTTG,-1,11962576,473,842
GAATTGAAATTTTCGACAAGTTG,-1,11962576,473,842
GAAATTTTCGACAAGTTG,-1,11962576,473,842
GTTGCCGGTATTGCCGAATTTG,-1,11962558,491,860
GCCGGTATTGCCGAATTTG,-1,11962558,491,860
GGTATTGCCGAATTTGCCGGAAAAA,-1,11962549,500,869
GTATTGCCGAATTTGCCGGAAAAA,-1,11962549,500,869
GCCGAATTTGCCGGAAAAA,-1,11962549,500,869
GCCGGAAAAAACGGCAAAATTT,-1,11962537,512,881
GGAAAAAACGGCAAAATTT,-1,11962537,512,881
GAAAAAACGGCAAAATTT,-1,11962537,512,881
GGCAAATCATCAAAATTGACAATG,-1,11962511,538,907
GCAAATCATCAAAATTGACAATG,-1,11962511,538,907
GACAATGCCGGCAAATCGGCAAGTTT,-1,11962492,557,926
GCCGGCAAATCGGCAAGTTT,-1,11962492,557,926
GGCAAATCGGCAAGTTT,-1,11962492,557,926
GGCAAGTTTCCGGAATTGAAATTT,-1,11962477,572,941
GCAAGTTTCCGGAATTGAAATTT,-1,11962477,572,941
GTTTCCGGAATTGAAATTT,-1,11962477,572,941
GGAAAATCAGCAAATTGCCAGAAAA,-1,11962450,599,968
GAAAATCAGCAAATTGCCAGAAAA,-1,11962450,599,968
GCCAGAAAATCGGCACATTG,-1,11962439,610,979
GGCACATTGCCGGAATCAAAATTT,-1,11962424,625,994
GCACATTGCCGGAATCAAAATTT,-1,11962424,625,994
GGAATCAAAATTTCCGGCAAATCA,-1,11962413,636,1005
GAATCAAAATTTCCGGCAAATCA,-1,11962413,636,1005
GGTATTGCCGAGTTTGCCGAAAA,-1,11962388,661,1030
GTATTGCCGAGTTTGCCGAAAA,-1,11962388,661,1030
GCCGAGTTTGCCGAAAA,-1,11962388,661,1030
GAGTTTGCCGAAAAACGGCAAATTA,-1,11962377,672,1041
GTTTGCCGAAAAACGGCAAATTA,-1,11962377,672,1041
GCCGAAAAACGGCAAATTA,-1,11962377,672,1041
GGTATTGCCGAGTTTGCCGAAAAA,-1,11962351,698,1067
GTATTGCCGAGTTTGCCGAAAAA,-1,11962351,698,1067
GCCGAGTTTGCCGAAAAA,-1,11962351,698,1067
GAGTTTGCCGAAAAAACGGAAACTTT,-1,11962340,709,1078
GTTTGCCGAAAAAACGGAAACTTT,-1,11962340,709,1078
GCCGAAAAAACGGAAACTTT,-1,11962340,709,1078
GAAAAAACGGAAACTTT,-1,11962340,709,1078
GGAAACTTTCCGGAATCGAAATTT,-1,11962325,724,1093
GAAACTTTCCGGAATCGAAATTT,-1,11962325,724,1093
GCAAATTACCTCTATTGCCGAGTTTG,-1,11962296,753,1122
GTCAAATTGCCAGAATTAAAATTT,-1,11962262,787,1156
GGCAAATCAGCAGATTA,-1,11962243,806,1175
GAAAAACATCCAAAAACGTGCGAAAT,-1,11962156,893,1262
GGAAAAATCGATTTTTCTAATGAA,-1,11962126,923,1292
GAAAAATCGATTTTTCTAATGAA,-1,11962126,923,1292
GATTTTTCTAATGAACTGGCCAGTTT,-1,11962115,934,1303
GGCCAGTTTTTGGTATAAAAAA,-1,11962102,947,1316
GCCAGTTTTTGGTATAAAAAA,-1,11962102,947,1316
GTTTTTGGTATAAAAAA,-1,11962102,947,1316
