sequence,seq_ID,chromID,loc,MM_sequence,strand,MMs
NNNGCTCTGGAGTCTCTCTCTGTGTGNNN,Seq1,I dna:chromosome chromosome:WBcel235:I:1:15072434:1 REF,11963066,GGTGCTCTGGAGTCTCTCTCTGTGTGTGGGTTG,+,0
NGTGCTCTGGAGTCTCTCTCTGTGTGNNN,Seq2,I dna:chromosome chromosome:WBcel235:I:1:15072434:1 REF,11963066,GGTGCTCTGGAGTCTCTCTCTGTGTGTGGGTTG,+,0
NNNNGAGCAGAGAGAGAGAGTTTCTCNNN,Seq4,I dna:chromosome chromosome:WBcel235:I:1:15072434:1 REF,11963104,CCGCGAGCAGAGAGAGAGAGTTTCTCCGGAAAT,-,0
NNGCGAGCAGAGAGAGAGAGTTTCTCNNN,Seq5,I dna:chromosome chromosome:WBcel235:I:1:15072434:1 REF,11963104,CCGCGAGCAGAGAGAGAGAGTTTCTCCGGAAAT,-,0
NNNNNGAAACTCTCTCTCTCTGCTCGNNN,Seq6,I dna:chromosome chromosome:WBcel235:I:1:15072434:1 REF,11963108,CCGGAGAAACTCTCTCTCTCTGCTCGCGGAGCC,+,0
NNNGAGAAACTCTCTCTCTCTGCTCGNNN,Seq7,I dna:chromosome chromosome:WBcel235:I:1:15072434:1 REF,11963108,CCGGAGAAACTCTCTCTCTCTGCTCGCGGAGCC,+,0
NNGGAGAAACTCTCTCTCTCTGCTCGNNN,Seq8,I dna:chromosome chromosome:WBcel235:I:1:15072434:1 REF,11963108,CCGGAGAAACTCTCTCTCTCTGCTCGCGGAGCC,+,0
NNNNNGAGAGCACACCAATTGCACTTNNN,Seq9,I dna:chromosome chromosome:WBcel235:I:1:15072434:1 REF,11963135,CCAGAGAGAGCACACCAATTGCACTTGGGCTCC,-,0
NNNGAGAGAGCACACCAATTGCACTTNNN,Seq10,I dna:chromosome chromosome:WBcel235:I:1:15072434:1 REF,11963135,CCAGAGAGAGCACACCAATTGCACTTGGGCTCC,-,0
NNNNGAGAGAGCACACCAATTGCACTNNN,Seq11,I dna:chromosome chromosome:WBcel235:I:1:15072434:1 REF,11963136,CCCAGAGAGAGCACACCAATTGCACTTGGGCTC,-,0
NNNNNNGCAATTGGTGTGCTCTCTCTNNN,Seq13,I dna:chromosome chromosome:WBcel235:I:1:15072434:1 REF,11963140,CCAAGTGCAATTGGTGTGCTCTCTCTGGGATCT,+,0
NNNNGTGCAATTGGTGTGCTCTCTCTNNN,Seq14,I dna:chromosome chromosome:WBcel235:I:1:15072434:1 REF,11963140,CCAAGTGCAATTGGTGTGCTCTCTCTGGGATCT,+,0
NNNNNNGATATGTTTCTTGAGATCAGNNN,Seq15,I dna:chromosome chromosome:WBcel235:I:1:15072434:1 REF,11963182,CTCTTCGATATGTTTCTTGAGATCAGTGGAGCC,+,0
NNNNGTTTCTTGAGATCAGTGGAGCCNNN,Seq17,I dna:chromosome chromosome:WBcel235:I:1:15072434:1 REF,11963189,ATATGTTTCTTGAGATCAGTGGAGCCGGGAGAG,+,0
NNNGCATTGGACAGAGAGCTCATCCTNNN,Seq18,I dna:chromosome chromosome:WBcel235:I:1:15072434:1 REF,11963226,AATGCATTGGACAGAGAGCTCATCCTCGGAGCT,-,0
NNNNNNNGATAGTACATTGAATAATTNNN,Seq20,I dna:chromosome chromosome:WBcel235:I:1:15072434:1 REF,11963253,TGCATTTGATAGTACATTGAATAATTCGGAATC,+,0
NNNNGTCCCCAGATGCCCCATCAAAANNN,Seq21,I dna:chromosome chromosome:WBcel235:I:1:15072434:1 REF,11963281,AGCTGTCCCCAGATGCCCCATCAAAATGGATTC,-,0
NNNGAATAATTCGGAATCCATTTTGANNN,Seq22,I dna:chromosome chromosome:WBcel235:I:1:15072434:1 REF,11963268,ATTGAATAATTCGGAATCCATTTTGATGGGGCA,+,0
NNGAATAATTCGGAATCCATTTTGATNNN,Seq23,I dna:chromosome chromosome:WBcel235:I:1:15072434:1 REF,11963269,TTGAATAATTCGGAATCCATTTTGATGGGGCAT,+,0
NGAATAATTCGGAATCCATTTTGATGNNN,Seq24,I dna:chromosome chromosome:WBcel235:I:1:15072434:1 REF,11963270,TGAATAATTCGGAATCCATTTTGATGGGGCATC,+,0
NNNNGAATCCATTTTGATGGGGCATCNNN,Seq25,I dna:chromosome chromosome:WBcel235:I:1:15072434:1 REF,11963277,TTCGGAATCCATTTTGATGGGGCATCTGGGGAC,+,0
NNNNNGATGGGGCATCTGGGGACAGCNNN,Seq26,I dna:chromosome chromosome:WBcel235:I:1:15072434:1 REF,11963287,ATTTTGATGGGGCATCTGGGGACAGCTGGGGAC,+,0
NNNNNNNNGGGGCATCTGGGGACAGCNNN,Seq27,I dna:chromosome chromosome:WBcel235:I:1:15072434:1 REF,11963287,ATTTTGATGGGGCATCTGGGGACAGCTGGGGAC,+,0
NNNNNGACACATTACACTTTTATGATNNN,Seq28,I dna:chromosome chromosome:WBcel235:I:1:15072434:1 REF,11963312,CTGGGGACACATTACACTTTTATGATAGGCTGG,+,0
NGACACATTACACTTTTATGATAGGCNNN,Seq29,I dna:chromosome chromosome:WBcel235:I:1:15072434:1 REF,11963316,GGACACATTACACTTTTATGATAGGCTGGATGT,+,0
NNNNNNGTGATCATTGATTATTTATTNNN,Seq30,I dna:chromosome chromosome:WBcel235:I:1:15072434:1 REF,11963341,CTGGATGTGATCATTGATTATTTATTCGGGAAT,+,0
NNNNNNNGCAATTTGCATTTATTCCTNNN,Seq34,I dna:chromosome chromosome:WBcel235:I:1:15072434:1 REF,11963373,TTAATCAGCAATTTGCATTTATTCCTTGGAATT,+,0
NNNNNNGTATTAATACATACAAGAAANNN,Seq40,I dna:chromosome chromosome:WBcel235:I:1:15072434:1 REF,11963617,TGGTATGTATTAATACATACAAGAAATGGTATG,-,0
NNNNNNGCTAGTGAACAGAGGTGCTCNNN,Seq41,I dna:chromosome chromosome:WBcel235:I:1:15072434:1 REF,11963047,GGGATGGCTAGTGAACAGAGGTGCTCTGGAGTC,+,0
NNNNNGGCTAGTGAACAGAGGTGCTCNNN,Seq42,I dna:chromosome chromosome:WBcel235:I:1:15072434:1 REF,11963047,GGGATGGCTAGTGAACAGAGGTGCTCTGGAGTC,+,0
NNGTAGGAGGGATGGCTAGTGAACAGNNN,Seq43,I dna:chromosome chromosome:WBcel235:I:1:15072434:1 REF,11963039,TTGTAGGAGGGATGGCTAGTGAACAGAGGTGCT,+,0
NNNNNNNGGGATAATTGTAGGAGGGANNN,Seq44,I dna:chromosome chromosome:WBcel235:I:1:15072434:1 REF,11963025,AAATATTGGGATAATTGTAGGAGGGATGGCTAG,+,0
NNNNNNNNGGATAATTGTAGGAGGGANNN,Seq45,I dna:chromosome chromosome:WBcel235:I:1:15072434:1 REF,11963025,AAATATTGGGATAATTGTAGGAGGGATGGCTAG,+,0
NNNGAAATATTGGGATAATTGTAGGANNN,Seq46,I dna:chromosome chromosome:WBcel235:I:1:15072434:1 REF,11963021,TGTGAAATATTGGGATAATTGTAGGAGGGATGG,+,0
NGTGAAATATTGGGATAATTGTAGGANNN,Seq47,I dna:chromosome chromosome:WBcel235:I:1:15072434:1 REF,11963021,TGTGAAATATTGGGATAATTGTAGGAGGGATGG,+,0
NNGTGAAATATTGGGATAATTGTAGGNNN,Seq48,I dna:chromosome chromosome:WBcel235:I:1:15072434:1 REF,11963020,GTGTGAAATATTGGGATAATTGTAGGAGGGATG,+,0
NNNGTGTGAAATATTGGGATAATTGTNNN,Seq49,I dna:chromosome chromosome:WBcel235:I:1:15072434:1 REF,11963017,AATGTGTGAAATATTGGGATAATTGTAGGAGGG,+,0
NNNNNGTGAAATATTGGGATAATTGTNNN,Seq50,I dna:chromosome chromosome:WBcel235:I:1:15072434:1 REF,11963017,AATGTGTGAAATATTGGGATAATTGTAGGAGGG,+,0
NNNNNNGGATAGAAATCTACGTACCTNNN,Seq51,I dna:chromosome chromosome:WBcel235:I:1:15072434:1 REF,11962911,TATTTCGGATAGAAATCTACGTACCTCGGCTTG,+,0
NNNNNNNGATAGAAATCTACGTACCTNNN,Seq52,I dna:chromosome chromosome:WBcel235:I:1:15072434:1 REF,11962911,TATTTCGGATAGAAATCTACGTACCTCGGCTTG,+,0
NNNNGTATCAAACAAATTTCAAGCCGNNN,Seq53,I dna:chromosome chromosome:WBcel235:I:1:15072434:1 REF,11962930,ACATGTATCAAACAAATTTCAAGCCGAGGTACG,-,0
NNNNNNNGATTTCTATCCGAAATACTNNN,Seq54,I dna:chromosome chromosome:WBcel235:I:1:15072434:1 REF,11962902,GTACGTAGATTTCTATCCGAAATACTTGGTTTT,-,0
NNNNNNNNGAAAAGTTTCTCAAAAAANNN,Seq56,I dna:chromosome chromosome:WBcel235:I:1:15072434:1 REF,11962871,TTTACTAAGAAAAGTTTCTCAAAAAACGGAAAA,-,0
NGTTTCTCAAAAAACGGAAAAATGACNNN,Seq57,I dna:chromosome chromosome:WBcel235:I:1:15072434:1 REF,11962859,AGTTTCTCAAAAAACGGAAAAATGACCGGAAAT,-,0
NNNNNNNNGATAAAAATTCAAATTTCNNN,Seq58,I dna:chromosome chromosome:WBcel235:I:1:15072434:1 REF,11962838,TTTTTTTCGATAAAAATTCAAATTTCCGGTCAT,+,0
NNNGAAAATTGTCGATTTTTGGTCTTNNN,Seq59,I dna:chromosome chromosome:WBcel235:I:1:15072434:1 REF,11962803,TTTGAAAATTGTCGATTTTTGGTCTTTGGTAGC,-,0
